City_ID,City,Country,Date,Lat,Lng,Max Temp,Humidity,Cloudiness,Wind Speed
0,Rocha,UY,2022-10-04 22:02:27,-34.4833,-54.3333,52.3,88,53,7.34
1,Sabinopolis,BR,2022-10-04 22:02:28,-18.6661,-43.0839,70.9,77,43,2.98
2,Anloga,GH,2022-10-04 22:02:29,5.7947,0.8973,77.95,89,73,8.68
3,Tasiilaq,GL,2022-10-04 22:01:29,65.6145,-37.6368,35.76,65,49,7.47
4,Ribeira Grande,PT,2022-10-04 22:00:00,38.5167,-28.7,71.85,79,74,7.58
5,Souillac,MU,2022-10-04 22:02:30,-20.5167,57.5167,70.56,75,58,11.52
6,Muros,ES,2022-10-04 22:02:31,42.7762,-9.0603,56.08,90,10,1.54
7,Vila Franca Do Campo,PT,2022-10-04 22:02:31,37.7167,-25.4333,74.19,93,35,6.69
8,Saint George,US,2022-10-04 22:00:25,37.1041,-113.5841,88.43,23,0,4.0
9,Hermanus,ZA,2022-10-04 22:02:33,-34.4187,19.2345,51.8,69,2,0.38
10,Beyneu,KZ,2022-10-04 22:02:33,45.3167,55.2,52.72,39,45,15.9
11,Olavarria,AR,2022-10-04 22:02:34,-36.8927,-60.3225,64.33,27,13,9.64
12,Katihar,IN,2022-10-04 22:02:35,25.5333,87.5833,74.57,97,100,7.92
13,Jamestown,US,2022-10-04 22:00:35,42.097,-79.2353,58.71,37,99,3.0
14,Torbay,CA,2022-10-04 22:02:36,47.6666,-52.7314,52.57,81,0,5.01
15,Ushuaia,AR,2022-10-04 22:02:37,-54.8,-68.3,46.38,91,97,3.67
16,Kantemirovka,RU,2022-10-04 22:02:37,49.7089,39.8592,49.05,84,15,7.96
17,Saint-Philippe,RE,2022-10-04 22:01:39,-21.3585,55.7679,65.79,80,41,11.16
18,Longyearbyen,SJ,2022-10-04 22:02:38,78.2186,15.6401,39.04,70,75,8.05
19,Cape Town,ZA,2022-10-04 22:02:39,-33.9258,18.4232,62.38,59,2,1.99
20,Takoradi,GH,2022-10-04 22:02:40,4.8845,-1.7554,75.72,93,99,6.8
21,Krasnoselkup,RU,2022-10-04 22:02:41,65.7,82.4667,36.25,98,100,12.93
22,Saldanha,ZA,2022-10-04 22:02:42,-33.0117,17.9442,56.48,66,0,13.11
23,Mongoumba,CF,2022-10-04 22:02:42,3.6415,18.5936,70.5,98,80,1.57
24,Faya,SA,2022-10-04 22:02:44,18.3851,42.4509,63.7,28,14,6.6
25,Joensuu,FI,2022-10-04 22:02:45,62.6012,29.7632,46.89,93,100,2.3
26,Meridian,US,2022-10-04 22:02:45,43.6121,-116.3915,82.33,29,0,3.44
27,Margate,GB,2022-10-04 22:02:46,51.3813,1.3862,62.91,85,100,5.01
28,Bom Jesus,BR,2022-10-04 22:02:46,-9.0744,-44.3586,85.55,21,10,2.95
29,Savyntsi,UA,2022-10-04 22:02:47,49.4026,37.0627,47.16,80,77,8.19
30,Punta Arenas,CL,2022-10-04 22:02:47,-53.15,-70.9167,51.12,62,56,12.8
31,Hambantota,LK,2022-10-04 22:02:48,6.1241,81.1185,79.14,89,40,5.75
32,Russkiy Aktash,RU,2022-10-04 22:02:48,55.0384,52.1214,51.13,33,100,11.32
33,Minab,IR,2022-10-04 22:02:49,27.1467,57.0801,83.26,68,0,1.74
34,Pangnirtung,CA,2022-10-04 22:02:49,66.1451,-65.7125,34.79,67,100,6.98
35,Mercedes,AR,2022-10-04 22:02:50,-34.6515,-59.4307,66.85,37,2,13.58
36,Hithadhoo,MV,2022-10-04 22:02:51,-0.6,73.0833,82.33,71,99,18.59
37,Jacksonville,US,2022-10-04 21:58:01,30.3322,-81.6556,73.0,58,39,1.99
38,Fuerte Olimpo,PY,2022-10-04 22:02:51,-21.0415,-57.8738,84.58,43,42,2.55
39,Moyale,KE,2022-10-04 22:02:52,3.5167,39.0584,72.55,49,59,10.96
40,Oktyabrskoye,RU,2022-10-04 22:02:52,43.0645,44.7417,57.34,87,66,4.47
41,Qaanaaq,GL,2022-10-04 22:02:53,77.484,-69.3632,15.98,77,99,4.59
42,Nantucket,US,2022-10-04 22:02:54,41.2835,-70.0995,62.71,94,100,16.11
43,Pyshchug,RU,2022-10-04 22:02:54,58.8873,45.7134,44.4,84,85,6.76
44,Georgetown,MY,2022-10-04 22:02:55,5.4112,100.3354,78.73,95,20,0.0
45,Trinidad,BO,2022-10-04 22:02:56,-14.8333,-64.9,88.86,45,48,4.43
46,Paamiut,GL,2022-10-04 22:02:56,61.994,-49.6678,37.15,95,100,23.49
47,Mitu,CO,2022-10-04 22:03:57,1.1983,-70.1733,83.73,65,68,1.1
48,Adrar,MR,2022-10-04 22:03:57,20.5022,-10.0711,96.17,15,23,12.59
49,Bashtanka,UA,2022-10-04 22:03:58,47.4072,32.4387,48.76,75,62,7.78
50,East London,ZA,2022-10-04 22:03:58,-33.0153,27.9116,62.28,79,30,10.94
51,Bogorodsk,RU,2022-10-04 22:03:59,56.1033,43.5158,51.15,84,100,13.78
52,Priladozhskiy,RU,2022-10-04 22:03:59,59.85,31.4833,42.53,1,53,1.63
53,Valer,NO,2022-10-04 22:04:00,60.6785,11.8331,55.89,96,100,11.1
54,Porbandar,IN,2022-10-04 22:04:01,21.6422,69.6093,80.11,75,7,8.43
55,Ponta Do Sol,PT,2022-10-04 22:04:01,32.6667,-17.1,72.72,78,51,1.9
56,Kachiry,KZ,2022-10-04 22:04:02,53.0675,76.1036,46.02,40,100,10.11
57,Barsuki,RU,2022-10-04 22:04:02,54.2655,37.4875,43.45,86,100,11.12
58,Berlevag,NO,2022-10-04 22:04:03,70.8578,29.0864,42.75,75,100,9.22
59,Arraial Do Cabo,BR,2022-10-04 22:04:04,-22.9661,-42.0278,69.3,87,100,7.9
60,Muravlenko,RU,2022-10-04 22:04:05,63.7898,74.523,32.56,94,13,12.55
61,Boa Vista,BR,2022-10-04 22:00:48,2.8197,-60.6733,83.12,63,95,2.66
62,Winchester,GB,2022-10-04 22:04:06,51.0651,-1.3187,62.65,83,100,13.8
63,Usinsk,RU,2022-10-04 22:02:58,65.9939,57.5281,38.59,86,99,10.18
64,Sereflikochisar,TR,2022-10-04 22:04:07,38.9393,33.5386,62.85,53,99,10.74
65,Taoudenni,ML,2022-10-04 22:04:08,22.6783,-3.9836,96.39,12,2,10.13
66,Brigantine,US,2022-10-04 22:04:08,39.4101,-74.3646,61.0,96,100,16.11
67,Bredasdorp,ZA,2022-10-04 22:04:09,-34.5322,20.0403,48.92,81,1,3.33
68,Ballater,GB,2022-10-04 22:04:10,57.0493,-3.0402,48.0,91,100,4.23
69,Savannah Bight,HN,2022-10-04 22:04:11,16.45,-85.85,82.96,68,75,8.39
70,Fort Wellington,GY,2022-10-04 22:04:11,6.4,-57.6,80.56,79,96,7.0
71,Port Elizabeth,ZA,2022-10-04 22:00:15,-33.918,25.5701,58.32,90,95,1.99
72,Mar Del Plata,AR,2022-10-04 22:04:15,-38.0023,-57.5575,59.09,77,25,14.97
73,Yarim,YE,2022-10-04 22:04:16,14.298,44.3779,55.71,64,11,0.85
74,Sarkand,KZ,2022-10-04 22:04:17,45.41,79.9186,46.15,44,11,3.4
75,Cidreira,BR,2022-10-04 22:04:18,-30.1811,-50.2056,59.47,81,0,7.74
76,Necochea,AR,2022-10-04 22:04:19,-38.5473,-58.7368,57.07,61,27,15.48
77,Owando,CG,2022-10-04 22:04:20,-0.4819,15.8999,71.98,90,52,3.11
78,Port-Cartier,CA,2022-10-04 22:02:43,50.0334,-66.8654,50.76,82,100,4.34
79,Leshukonskoye,RU,2022-10-04 22:04:21,64.8989,45.7622,43.39,97,100,4.7
80,Itacare,BR,2022-10-04 22:04:21,-14.2775,-38.9967,73.92,79,17,8.55
81,Ghatampur,IN,2022-10-04 22:04:22,26.1667,80.1667,76.46,93,100,8.79
82,Kalabo,ZM,2022-10-04 22:04:22,-14.97,22.6814,72.55,19,0,5.19
83,Sucua,EC,2022-10-04 22:04:23,-2.4667,-78.1667,74.14,68,75,5.75
84,Amiens,FR,2022-10-04 22:04:24,49.9,2.3,58.19,86,97,6.44
85,San Lazaro,BZ,2022-10-04 22:04:24,18.0387,-88.6622,81.97,78,51,7.27
86,Vigeland,NO,2022-10-04 22:04:25,58.0844,7.305,57.29,90,100,15.79
87,Vila Velha,BR,2022-10-04 22:00:18,-20.3297,-40.2925,72.95,91,92,3.0
88,Corinto,GR,2022-10-04 22:04:26,37.9407,22.9573,69.89,52,19,3.02
89,Rameswaram,IN,2022-10-04 22:04:27,9.2833,79.3,82.56,78,99,9.44
90,Iqaluit,CA,2022-10-04 22:04:27,63.7506,-68.5145,34.7,93,100,4.0
91,Mehamn,NO,2022-10-04 22:04:28,71.0357,27.8492,42.71,87,75,9.22
92,Puerto Carreno,CO,2022-10-04 22:04:28,6.189,-67.4859,84.22,71,92,4.18
93,Guaratuba,BR,2022-10-04 22:05:29,-25.8828,-48.5747,63.05,82,99,2.77
94,Mahebourg,MU,2022-10-04 22:01:09,-20.4081,57.7,71.26,77,37,11.61
95,Lebu,CL,2022-10-04 22:05:30,-37.6167,-73.65,52.5,92,27,8.61
96,Bara,NG,2022-10-04 22:05:31,10.3744,10.7288,74.41,86,93,5.41
97,Formosa Do Rio Preto,BR,2022-10-04 22:05:31,-11.0483,-45.1931,84.11,23,25,2.8
98,Waddan,LY,2022-10-04 22:05:32,29.1614,16.139,71.35,61,0,13.78
99,Klaksvik,FO,2022-10-04 22:05:33,62.2266,-6.589,49.12,78,3,39.73
100,Dikson,RU,2022-10-04 22:05:33,73.5069,80.5464,33.24,87,100,18.34
101,George,ZA,2022-10-04 22:05:34,-33.963,22.4617,53.28,79,50,3.15
102,Novorudnyy,RU,2022-10-04 22:05:35,51.5026,58.1873,40.08,41,92,5.12
103,Miquelon,PM,2022-10-04 22:05:36,47.0975,-56.3814,50.0,70,0,18.39
104,Pathalgaon,IN,2022-10-04 22:00:44,22.5667,83.4667,71.64,99,100,5.21
105,Marinette,US,2022-10-04 22:05:37,45.1,-87.6307,72.05,49,0,9.22
106,Hrebinka,UA,2022-10-04 22:05:38,50.1171,32.4361,48.04,86,100,14.09
107,Marrakesh,MA,2022-10-04 22:05:39,31.6315,-8.0083,78.87,38,0,6.91
108,Lichinga,MZ,2022-10-04 22:05:39,-13.3128,35.2406,63.99,31,9,6.44
109,Roald,NO,2022-10-04 22:05:40,62.5833,6.1333,54.16,76,100,9.22
110,Jauharabad,PK,2022-10-04 22:01:15,32.2898,72.2813,81.09,37,0,3.6
111,Gori,GE,2022-10-04 22:05:40,41.9842,44.1158,59.94,76,30,2.53
112,Khorixas,NA,2022-10-04 22:05:41,-20.3667,14.9667,68.59,32,0,4.23
113,Ust-Tsilma,RU,2022-10-04 22:05:42,65.441,52.1498,40.82,99,100,3.91
114,Goundam,ML,2022-10-04 22:05:42,16.4145,-3.6708,96.08,12,0,4.76
115,Veraval,IN,2022-10-04 22:05:43,20.9,70.3667,78.93,81,72,10.83
116,Kidal,ML,2022-10-04 22:05:43,18.4411,1.4078,94.87,17,86,9.62
117,Kruisfontein,ZA,2022-10-04 22:05:44,-34.0033,24.7314,51.89,87,76,1.43
118,Terralba,IT,2022-10-04 22:05:45,39.7192,8.6392,66.33,80,4,3.58
119,Goderich,CA,2022-10-04 22:05:45,43.7501,-81.7165,62.91,59,11,4.38
120,Anori,BR,2022-10-04 22:05:46,-3.7728,-61.6442,86.52,47,100,3.02
121,Puerto Quijarro,BO,2022-10-04 22:05:46,-17.7833,-57.7667,88.84,42,47,2.98
122,Marathon,US,2022-10-04 22:05:47,44.9,-89.7668,71.13,45,0,8.05
123,Nuuk,GL,2022-10-04 22:02:10,64.1835,-51.7216,34.41,93,100,15.01
124,Srem,PL,2022-10-04 22:05:48,52.0887,17.0151,49.86,89,63,7.16
125,Asyut,EG,2022-10-04 22:05:48,27.181,31.1837,77.5,40,0,6.78
126,Kibala,TD,2022-10-04 22:05:49,9.1104,18.3463,71.8,95,81,0.98
127,Laguna,US,2022-10-04 22:05:49,38.421,-121.4238,89.31,40,0,8.05
128,Port Alfred,ZA,2022-10-04 22:05:50,-33.5906,26.891,58.17,90,97,14.52
129,Rodrigues Alves,BR,2022-10-04 22:05:51,-7.738,-72.6509,88.12,51,49,4.21
130,Najran,SA,2022-10-04 22:05:51,17.4924,44.1277,71.47,19,2,3.69
131,Saint-Francois,FR,2022-10-04 22:05:52,46.4154,3.9054,51.24,93,100,0.0
132,Ilulissat,GL,2022-10-04 22:05:53,69.2167,-51.1,28.42,69,15,2.3
133,Oksfjord,NO,2022-10-04 22:05:53,70.2396,22.3479,48.38,88,11,14.23
134,Coquimbo,CL,2022-10-04 22:02:52,-29.9533,-71.3436,55.92,73,65,6.51
135,Awbari,LY,2022-10-04 22:05:54,26.5921,12.7805,74.55,35,0,6.42
136,Ostrovnoy,RU,2022-10-04 22:05:54,68.0531,39.5131,45.84,88,80,13.15
137,Valasska Bystrice,CZ,2022-10-04 22:05:55,49.4151,18.1098,43.56,91,61,3.85
138,Gamba,GA,2022-10-04 22:05:55,-2.65,10.0,75.33,83,37,4.81
139,Victoria,HK,2022-10-04 22:06:30,22.2855,114.1577,84.38,84,43,5.99
140,Hauterive,FR,2022-10-04 22:06:56,46.0901,3.4459,54.36,71,6,3.47
141,Tarquinia,IT,2022-10-04 22:06:57,42.2482,11.7553,67.59,75,91,3.76
142,Masunga,BW,2022-10-04 22:06:57,-20.6246,27.4488,77.34,15,0,14.54
143,Olafsvik,IS,2022-10-04 22:06:58,64.8945,-23.7142,41.81,90,100,25.68
144,Jalu,LY,2022-10-04 22:06:58,29.0331,21.5482,73.36,57,0,10.18
145,Mezen,RU,2022-10-04 22:06:59,65.8522,44.24,40.73,97,85,5.99
146,Calbuco,CL,2022-10-04 22:07:00,-41.768,-73.1273,54.61,76,59,8.39
147,Peniche,PT,2022-10-04 22:07:01,39.3558,-9.3811,65.08,86,0,9.48
148,Joshimath,IN,2022-10-04 22:07:01,30.5667,79.5667,60.78,62,1,5.26
149,Shieli,KZ,2022-10-04 22:07:02,44.1667,66.75,51.31,27,0,12.17
150,Bayan,CN,2022-10-04 22:07:02,46.0833,127.4,29.16,49,2,6.85
151,Koutsouras,GR,2022-10-04 22:07:03,35.0339,25.9469,71.11,55,0,15.82
152,Kaputa,ZM,2022-10-04 22:07:04,-8.4689,29.6619,74.61,37,69,3.87
153,Ancud,CL,2022-10-04 22:07:05,-41.8697,-73.8203,50.56,83,29,7.4
154,Nove Mesto Na Morave,CZ,2022-10-04 22:07:05,49.5614,16.0742,46.54,87,21,3.49
155,Kirs,RU,2022-10-04 22:07:06,59.3388,52.2447,47.21,59,93,6.89
156,Upernavik,GL,2022-10-04 22:07:06,72.7868,-56.1549,21.49,81,72,6.22
157,Oranjemund,NA,2022-10-04 22:07:07,-28.55,16.4333,55.76,87,3,12.57
158,Bystryy Istok,RU,2022-10-04 22:07:08,52.371,84.3873,32.09,80,84,2.98
159,Chuy,UY,2022-10-04 22:04:22,-33.6971,-53.4616,54.64,86,13,6.67
160,Cabedelo,BR,2022-10-04 22:07:09,-6.9811,-34.8339,77.67,76,42,10.92
161,Yambio,SS,2022-10-04 22:07:10,4.5721,28.3955,67.91,97,100,2.64
162,Luderitz,NA,2022-10-04 22:07:10,-26.6481,15.1594,55.96,75,0,16.69
163,Lundazi,ZM,2022-10-04 22:07:11,-12.2929,33.1782,66.49,41,9,7.47
164,Carnarvon,AU,2022-10-04 22:07:11,-24.8667,113.6333,65.82,76,0,10.22
165,Jadu,LY,2022-10-04 22:07:12,31.953,12.0261,63.79,73,0,5.41
166,Praia,CV,2022-10-04 22:07:13,14.9215,-23.5087,77.54,88,40,1.14
167,Aksarka,RU,2022-10-04 22:07:14,66.5606,67.7975,33.73,85,8,2.71
168,Hualmay,PE,2022-10-04 22:07:15,-11.0964,-77.6139,63.75,74,23,11.83
169,Gat,IL,2022-10-04 22:07:15,31.61,34.7642,76.41,100,0,1.97
170,Kavaratti,IN,2022-10-04 22:07:16,10.5669,72.642,80.91,78,99,16.84
171,Karasjok,NO,2022-10-04 22:07:16,69.4719,25.5112,33.22,92,26,6.33
172,Lexington Park,US,2022-10-04 22:07:17,38.2668,-76.4538,53.65,96,100,5.01
173,Melbu,NO,2022-10-04 22:07:18,68.5044,14.8297,51.62,62,100,14.97
174,Chekmagush,RU,2022-10-04 22:07:19,55.1319,54.6556,47.75,34,100,11.88
175,Tromso,NO,2022-10-04 22:07:20,69.6496,18.957,44.38,87,0,2.3
176,Himare,AL,2022-10-04 22:07:20,40.1017,19.7447,65.64,55,0,7.07
177,Saltpond,GH,2022-10-04 22:07:21,5.2091,-1.0606,75.96,93,89,7.63
178,Lannion,FR,2022-10-04 22:07:22,48.75,-3.4167,61.02,89,100,13.27
179,San Luis,AR,2022-10-04 22:07:22,-33.295,-66.3356,76.5,27,10,6.46
180,Ariquemes,BR,2022-10-04 22:07:23,-9.9133,-63.0408,77.29,75,82,3.18
181,Geraldton,AU,2022-10-04 22:04:23,-28.7667,114.6,55.81,88,40,9.22
182,Hammerfest,NO,2022-10-04 22:07:24,70.6634,23.6821,45.05,76,0,11.5
183,Lasa,IT,2022-10-04 22:07:24,46.6166,10.7002,54.95,48,13,1.74
184,Krasnoturinsk,RU,2022-10-04 22:07:25,59.7666,60.2086,44.22,74,34,3.6
185,Akhtubinsk,RU,2022-10-04 22:07:25,48.2795,46.1722,58.6,70,100,10.74
186,Maracacume,BR,2022-10-04 22:08:26,-2.0428,-45.9592,76.6,82,79,5.88
187,Ratnagiri,IN,2022-10-04 22:08:27,16.9833,73.3,78.6,89,99,9.73
188,Messina,IT,2022-10-04 22:08:28,38.1933,15.5497,69.44,72,14,5.75
189,Snasa,NO,2022-10-04 22:08:28,64.2457,12.3778,51.21,97,100,3.56
190,Namibe,AO,2022-10-04 22:08:29,-15.1961,12.1522,65.03,88,74,2.98
191,Purranque,CL,2022-10-04 22:08:29,-40.9167,-73.1667,56.53,76,73,2.53
192,Inhambane,MZ,2022-10-04 22:08:30,-23.865,35.3833,72.14,92,10,5.39
193,Maceio,BR,2022-10-04 22:08:31,-9.6658,-35.7353,72.84,88,0,6.91
194,Moose Factory,CA,2022-10-04 22:08:32,51.2585,-80.6094,46.38,93,100,3.44
195,Mattru,SL,2022-10-04 22:08:32,7.6244,-11.8332,72.86,98,84,3.38
196,Angoche,MZ,2022-10-04 22:08:33,-16.2325,39.9086,73.0,77,0,9.89
197,Bull Savanna,JM,2022-10-04 22:08:34,17.8868,-77.5902,79.34,82,100,4.34
198,Methoni,GR,2022-10-04 22:08:34,36.8197,21.7049,70.21,73,34,9.8
199,Nizip,TR,2022-10-04 22:08:35,37.0097,37.7942,69.93,37,16,6.51
200,Constitucion,CL,2022-10-04 22:08:36,-35.3333,-72.4167,53.56,85,99,2.75
201,Road Town,VG,2022-10-04 22:08:36,18.4167,-64.6167,84.29,89,75,6.91
202,Codrington,AU,2022-10-04 22:08:37,-38.2667,141.9667,51.4,93,100,18.95
203,Busselton,AU,2022-10-04 22:08:37,-33.65,115.3333,55.81,73,93,13.38
204,Defiance,US,2022-10-04 22:08:38,41.3334,-84.45,71.85,24,0,8.05
205,Pisco,PE,2022-10-04 22:08:38,-13.7,-76.2167,62.65,72,0,18.41
206,Sambava,MG,2022-10-04 22:08:39,-14.2667,50.1667,66.85,88,28,9.19
207,Clyde River,CA,2022-10-04 22:06:01,70.4692,-68.5914,25.92,85,100,18.79
208,Vardo,NO,2022-10-04 22:07:26,70.3705,31.1107,44.58,87,100,13.8
209,Bereda,ES,2022-10-04 22:08:40,43.2686,-7.5406,59.41,80,3,1.86
210,Buritis,BR,2022-10-04 22:08:41,-15.6178,-46.4233,79.2,58,63,1.66
211,Impfondo,CG,2022-10-04 22:08:41,1.6381,18.0667,74.84,78,100,2.33
212,Izhmorskiy,RU,2022-10-04 22:08:42,56.194,86.6414,34.2,76,97,9.13
213,Arona,ES,2022-10-04 22:08:43,28.0996,-16.681,76.03,67,40,25.32
214,Sao Filipe,CV,2022-10-04 22:08:43,14.8961,-24.4956,78.19,78,100,1.59
215,Halifax,CA,2022-10-04 22:03:57,44.6453,-63.5724,55.22,86,21,1.01
216,Chissamba,AO,2022-10-04 22:08:44,-12.1667,17.3333,70.43,43,69,2.89
217,Hindupur,IN,2022-10-04 22:08:45,13.8289,77.4933,72.84,77,99,6.11
218,Novyy Urengoy,RU,2022-10-04 22:04:43,66.0833,76.6333,36.72,97,100,14.29
219,Debre Birhan,ET,2022-10-04 22:08:46,9.6833,39.5333,48.88,85,82,2.71
220,Dingle,PH,2022-10-04 22:08:46,10.9995,122.6711,76.26,91,100,5.39
221,Narsaq,GL,2022-10-04 22:08:47,60.9167,-46.05,39.42,73,100,10.4
222,Birjand,IR,2022-10-04 22:08:47,32.8663,59.2211,63.61,28,0,5.88
223,Kalmunai,LK,2022-10-04 22:08:48,7.4167,81.8167,80.91,73,100,3.67
224,Monrovia,LR,2022-10-04 22:08:49,6.3005,-10.7969,77.36,91,74,7.65
225,Mollendo,PE,2022-10-04 22:08:49,-17.0231,-72.0147,60.1,78,85,5.93
226,Potiskum,NG,2022-10-04 22:08:50,11.7091,11.0694,79.07,56,50,14.88
227,Salalah,OM,2022-10-04 22:08:51,17.0151,54.0924,78.89,83,0,3.44
228,Saint-Joseph,RE,2022-10-04 22:08:51,-21.3667,55.6167,64.78,80,20,9.91
229,Businga,CD,2022-10-04 22:08:52,3.3333,20.8833,70.88,96,92,0.92
230,Bilma,NE,2022-10-04 22:08:52,18.6853,12.9164,87.69,17,1,4.23
231,Urucara,BR,2022-10-04 22:09:53,-2.5364,-57.76,83.46,59,59,2.28
232,Grindavik,IS,2022-10-04 22:09:53,63.8424,-22.4338,43.27,81,75,31.07
233,Annau,TM,2022-10-04 22:09:54,37.8876,58.516,67.66,26,0,5.59
234,Touros,BR,2022-10-04 22:08:49,-5.1989,-35.4608,77.13,75,78,14.97
235,Eichstatt,DE,2022-10-04 22:09:55,48.8833,11.1833,45.48,100,40,1.14
236,Saint Anthony,US,2022-10-04 22:09:56,45.0205,-93.218,75.92,44,100,9.22
237,Emba,KZ,2022-10-04 22:09:56,48.8264,58.1442,43.14,26,14,9.13
238,Rio Gallegos,AR,2022-10-04 22:09:57,-51.6226,-69.2181,59.05,41,40,21.85
239,Hamilton,US,2022-10-04 22:08:48,39.1834,-84.5333,72.43,32,0,9.22
240,Plettenberg Bay,ZA,2022-10-04 22:08:30,-34.0527,23.3716,54.61,78,51,3.85
241,Sao Joao Da Barra,BR,2022-10-04 22:05:13,-21.6403,-41.0511,73.49,94,91,4.61
242,Castro,BR,2022-10-04 22:09:58,-24.7911,-50.0119,60.62,77,0,0.54
243,Bambous Virieux,MU,2022-10-04 22:09:58,-20.3428,57.7575,71.22,79,38,11.5
244,Bosaso,SO,2022-10-04 22:09:59,11.2842,49.1816,87.46,55,92,3.18
245,Pocone,BR,2022-10-04 22:09:59,-16.2567,-56.6228,86.47,48,68,4.27
246,Boo,SE,2022-10-04 22:10:00,59.3333,18.2833,54.77,86,75,6.91
247,Aswan,EG,2022-10-04 22:10:01,24.0934,32.907,85.75,26,1,10.31
248,Albany,US,2022-10-04 22:08:19,42.6001,-73.9662,54.41,69,100,3.18
249,Komsomolskiy,UZ,2022-10-04 22:10:04,40.4272,71.7189,63.32,31,45,6.91
250,Antalaha,MG,2022-10-04 22:08:44,-14.9003,50.2788,65.82,83,13,6.93
251,Caceres,ES,2022-10-04 22:10:05,39.522,-6.3748,73.17,28,0,2.93
252,Trojes,AL,2022-10-04 22:10:08,41.756,19.962,46.89,66,2,8.66
253,Porto Novo,BJ,2022-10-04 22:10:12,6.4965,2.6036,76.68,89,89,5.21
254,Geilo,NO,2022-10-04 22:10:14,60.5333,8.2076,50.47,90,98,8.19
255,Grand Gaube,MU,2022-10-04 22:10:15,-20.0064,57.6608,71.38,72,45,4.0
256,Neringa,LT,2022-10-04 22:10:16,55.3719,21.0647,55.74,82,34,13.78
257,Hobyo,SO,2022-10-04 22:10:16,5.3505,48.5268,76.59,89,37,14.97
258,Mosquera,CO,2022-10-04 22:10:18,4.7059,-74.2302,60.89,77,40,8.05
259,Japura,ID,2022-10-04 22:10:20,-0.3167,102.35,73.54,99,100,3.69
260,Dakar,SN,2022-10-04 22:10:20,14.6937,-17.4441,81.48,76,77,10.45
261,Abu Samrah,SY,2022-10-04 22:10:21,35.3029,37.1841,73.96,55,0,3.58
262,Bandarbeyla,SO,2022-10-04 22:10:19,9.4942,50.8122,76.64,86,83,17.96
263,Gorele,TR,2022-10-04 22:10:21,41.0308,39.0031,64.11,92,100,3.53
264,Camacha,PT,2022-10-04 22:10:22,33.0833,-16.3333,65.62,83,20,4.61
265,Los Llanos De Aridane,ES,2022-10-04 22:10:23,28.6585,-17.9182,74.95,44,75,5.75
266,Corozal,CO,2022-10-04 22:10:24,9.3151,-75.2928,82.76,83,63,8.08
267,Governador Valadares,BR,2022-10-04 22:10:25,-18.8511,-41.9494,74.98,81,87,7.25
268,Cockburn Town,TC,2022-10-04 22:10:26,21.4612,-71.1419,84.04,67,62,4.43
269,Salinopolis,BR,2022-10-04 22:10:27,-0.6136,-47.3561,80.13,76,38,10.8
270,Marzuq,YE,2022-10-04 22:10:27,14.4,46.4667,74.05,53,26,4.7
271,Nouadhibou,MR,2022-10-04 22:10:28,20.931,-17.0347,74.75,78,62,18.07
272,Whitley Bay,GB,2022-10-04 22:10:28,55.0397,-1.4471,59.81,96,20,5.75
273,Pershotravneve,UA,2022-10-04 22:10:29,51.3929,28.8684,45.88,93,69,12.1
274,Inyonga,TZ,2022-10-04 22:10:30,-6.7167,32.0667,69.31,25,22,3.83
275,Daud Khel,PK,2022-10-04 22:10:31,32.875,71.5701,83.43,36,0,0.92
276,Uruburetama,BR,2022-10-04 22:10:31,-3.625,-39.5083,76.69,72,98,5.59
277,Uvat,RU,2022-10-04 22:11:32,59.1433,68.8953,46.98,95,96,4.41
278,Nanortalik,GL,2022-10-04 22:11:32,60.1432,-45.2371,37.04,96,100,14.29
279,Siyabuswa,ZA,2022-10-04 22:11:33,-25.1132,29.0445,76.41,57,29,15.5
280,Wageningen,NL,2022-10-04 22:11:34,51.9667,5.6667,60.08,79,100,8.05
281,Kautokeino,NO,2022-10-04 22:11:34,69.0125,23.0412,37.17,91,98,13.2
282,Carutapera,BR,2022-10-04 22:11:35,-1.195,-46.02,79.39,74,41,9.24
283,Maniitsoq,GL,2022-10-04 22:11:36,65.4167,-52.9,35.44,57,100,6.93
284,Azuaga,ES,2022-10-04 22:11:36,38.2667,-5.6833,71.96,36,0,3.4
285,Skibbereen,IE,2022-10-04 22:11:37,51.55,-9.2667,59.11,94,100,19.6
286,Bathsheba,BB,2022-10-04 22:11:38,13.2167,-59.5167,81.21,89,20,24.16
287,Myrhorod,UA,2022-10-04 22:11:38,49.9685,33.6089,49.08,85,100,15.55
288,Sisimiut,GL,2022-10-04 22:11:39,66.9395,-53.6735,29.64,76,8,9.08
289,Buritizeiro,BR,2022-10-04 22:08:08,-17.3511,-44.9622,80.71,53,83,5.86
290,Lucea,JM,2022-10-04 22:11:40,18.451,-78.1736,85.86,79,97,6.78
291,Larnaca,CY,2022-10-04 22:08:33,34.9167,33.6292,77.95,78,40,2.3
292,Comodoro Rivadavia,AR,2022-10-04 22:09:22,-45.8667,-67.5,66.06,26,0,20.71
293,Tara,RU,2022-10-04 22:11:41,56.8944,74.371,44.51,95,100,4.29
294,Weida,DE,2022-10-04 22:11:41,50.7667,12.0667,52.99,83,56,8.95
295,Mizdah,LY,2022-10-04 22:09:20,31.4451,12.9801,66.74,73,0,8.86
296,Nokia,FI,2022-10-04 22:11:42,61.4667,23.5,37.02,100,20,1.14
297,Krasnomayskiy,RU,2022-10-04 22:11:43,57.6194,34.4099,41.86,93,100,4.03
298,Gornopravdinsk,RU,2022-10-04 22:11:43,60.05,69.9,44.47,92,100,3.33
299,Ler,SS,2022-10-04 22:11:44,8.3018,30.1418,71.91,87,100,0.96
300,Tabou,CI,2022-10-04 22:11:44,4.423,-7.3528,76.03,92,83,6.64
301,San Cristobal,VE,2022-10-04 22:11:45,7.7669,-72.225,77.18,58,30,3.36
302,Vincennes,FR,2022-10-04 22:11:45,48.85,2.4333,60.37,84,75,4.61
303,Brae,GB,2022-10-04 22:11:46,60.3964,-1.353,51.21,74,5,19.57
304,Leh,IN,2022-10-04 22:11:46,34.1667,77.5833,44.89,47,1,4.18
305,Surt,LY,2022-10-04 22:11:47,31.2089,16.5887,75.85,66,1,11.63
306,Khor,RU,2022-10-04 22:11:48,47.8861,134.9464,30.22,66,0,9.37
307,Saint-Augustin,CA,2022-10-04 22:11:49,51.226,-58.6502,55.15,72,100,10.54
308,Chitral,PK,2022-10-04 22:11:49,35.8462,71.7858,63.72,48,0,2.51
309,Alto Araguaia,BR,2022-10-04 22:11:50,-17.3147,-53.2153,79.14,55,54,4.38
310,Filadelfia,US,2022-10-04 22:10:50,39.9523,-75.1638,53.62,94,100,16.11
311,Wladyslawowo,PL,2022-10-04 22:11:50,54.7909,18.4009,52.93,90,81,12.77
312,Raudeberg,NO,2022-10-04 22:11:51,61.9875,5.1352,48.96,1,78,21.39
313,Magadi,IN,2022-10-04 22:11:51,12.9667,77.2333,67.86,86,100,4.99
314,Caconda,AO,2022-10-04 22:11:52,-13.7333,15.0667,64.67,69,71,4.05
315,Nouakchott,MR,2022-10-04 22:07:08,18.0858,-15.9785,84.13,65,45,13.73
316,Harindanga,IN,2022-10-04 22:11:53,22.0383,88.3214,77.81,92,93,6.22
317,Isiro,CD,2022-10-04 22:11:53,2.7739,27.616,65.91,99,100,1.86
318,Orsha,BY,2022-10-04 22:11:54,54.5153,30.4053,43.5,94,99,12.28
319,Cananeia,BR,2022-10-04 22:11:54,-25.0147,-47.9267,65.1,85,99,4.45
320,Burewala,PK,2022-10-04 22:11:55,30.1667,72.65,78.33,33,0,3.33
321,Wagar,SD,2022-10-04 22:11:56,16.1525,36.2032,87.76,36,100,1.16
322,Monkey Hill,KN,2022-10-04 22:12:56,17.3167,-62.7167,82.26,85,40,10.36
323,Sao Geraldo Do Araguaia,BR,2022-10-04 22:12:57,-6.4006,-48.555,88.16,39,65,5.91
324,Abhar,IR,2022-10-04 22:12:58,36.1468,49.218,62.29,17,0,5.28
325,Vaghodia,IN,2022-10-04 22:12:58,22.3,73.3833,79.18,63,89,4.09
326,Khuzdar,PK,2022-10-04 22:12:59,27.7384,66.6434,72.46,52,0,3.6
327,Praia Da Vitoria,PT,2022-10-04 22:12:59,38.7333,-27.0667,69.76,84,46,5.97
328,San Juan,AR,2022-10-04 22:13:00,-31.5375,-68.5364,77.63,24,23,16.96
329,Sirnak,TR,2022-10-04 22:13:00,37.5228,42.4594,64.47,25,17,7.92
330,Sarankhola,BD,2022-10-04 22:13:01,22.3082,89.7897,77.36,94,100,4.59
331,Zamora,EC,2022-10-04 22:13:02,-4.0692,-78.9567,79.16,64,100,1.83
332,Port Shepstone,ZA,2022-10-04 22:13:03,-30.7414,30.455,66.51,80,100,14.03
333,Vestmannaeyjar,IS,2022-10-04 22:13:03,63.4427,-20.2734,44.1,80,100,31.05
334,Ubinskoye,RU,2022-10-04 22:13:05,55.3068,79.6802,39.76,92,100,9.37
335,Richards Bay,ZA,2022-10-04 22:13:05,-28.783,32.0377,66.02,73,51,2.1
336,Kamenka,RU,2022-10-04 22:13:06,51.3223,42.7678,53.69,92,91,10.42
337,Banyo,CM,2022-10-04 22:13:06,6.75,11.8167,65.39,96,100,2.73
338,Harbour Breton,CA,2022-10-04 22:13:07,47.4833,-55.7983,52.36,70,0,16.26
339,Les Cayes,HT,2022-10-04 22:13:07,18.2,-73.75,83.75,75,60,4.85
340,Parana,AR,2022-10-04 22:13:08,-31.732,-60.5238,74.55,41,5,14.2
341,Gubkinskiy,RU,2022-10-04 22:13:09,64.434,76.5026,35.28,91,57,14.65
342,Lahij,YE,2022-10-04 22:13:09,13.1667,44.5833,84.99,48,48,3.87
343,Coihaique,CL,2022-10-04 22:13:10,-45.5752,-72.0662,48.81,92,68,6.96
344,Korla,CN,2022-10-04 22:13:14,41.7597,86.1469,52.29,27,41,5.14
345,Kuryk,KZ,2022-10-04 22:13:14,43.2,51.65,65.35,26,5,21.83
346,Senanga,ZM,2022-10-04 22:13:15,-16.1167,23.2667,72.39,21,0,6.2
347,Mugan,CN,2022-10-04 22:13:15,35.9404,101.3842,49.46,82,84,3.06
348,Rawson,AR,2022-10-04 22:13:16,-43.3002,-65.1023,67.77,31,54,5.32
349,Cristalina,BR,2022-10-04 22:13:17,-16.7686,-47.6136,68.16,71,63,0.96
350,Kutum,SD,2022-10-04 22:13:17,14.2,24.6667,79.47,23,59,9.53
351,Mastung,PK,2022-10-04 22:13:18,29.7994,66.845,61.95,16,0,2.24
352,Piney Green,US,2022-10-04 22:13:18,34.716,-77.3202,66.18,58,0,6.91
353,Monteiro,BR,2022-10-04 22:13:19,-7.8894,-37.12,78.93,46,33,14.29
354,Normandin,CA,2022-10-04 22:13:19,48.8333,-72.5321,51.75,90,100,0.27
355,Zemetchino,RU,2022-10-04 22:13:20,53.4973,42.6163,54.01,87,100,8.99
356,Saint Pete Beach,US,2022-10-04 22:13:21,27.7253,-82.7412,82.0,59,0,5.75
357,Nacala,MZ,2022-10-04 22:13:21,-14.5428,40.6728,71.56,82,7,5.26
358,Kashary,RU,2022-10-04 22:13:22,49.04,41.0056,54.14,83,72,6.8
359,Nushki,PK,2022-10-04 22:13:22,29.5542,66.0215,68.41,9,0,1.43
360,Atlantic City,US,2022-10-04 22:11:48,39.3643,-74.4229,60.98,95,100,16.11
361,Bubaque,GW,2022-10-04 22:13:23,11.2833,-15.8333,81.7,79,91,6.51
362,Pataias,PT,2022-10-04 22:13:24,39.6698,-8.9958,64.71,90,0,6.17
363,Cozumel,MX,2022-10-04 22:11:48,20.5083,-86.9458,87.87,66,20,9.22
364,Saint-Georges,GD,2022-10-04 22:13:25,12.0564,-61.7485,80.28,94,20,0.0
365,Comendador,DO,2022-10-04 22:13:26,18.8775,-71.7028,78.62,78,95,2.19
366,Clarence Town,AU,2022-10-04 22:13:26,-32.5833,151.7833,63.86,72,100,3.94
367,Libreville,GA,2022-10-04 22:13:27,0.3925,9.4537,77.02,85,93,4.88
368,Tenenkou,ML,2022-10-04 22:14:28,14.4572,-4.9169,88.72,45,51,9.78
369,Surgut,RU,2022-10-04 22:14:29,61.25,73.4167,39.38,86,75,7.0
370,Qaqortoq,GL,2022-10-04 22:14:29,60.7167,-46.0333,35.67,83,100,14.0
371,Sunbury,AU,2022-10-04 22:14:30,-37.5833,144.7333,54.86,92,0,0.0
372,Maine-Soroa,NE,2022-10-04 22:14:30,13.2114,12.0241,89.29,38,100,10.54
373,Chatellerault,FR,2022-10-04 22:14:31,46.8,0.5333,58.55,1,22,5.79
374,Mayumba,GA,2022-10-04 22:14:31,-3.432,10.6554,75.79,84,49,4.92
375,Ampanihy,MG,2022-10-04 22:14:32,-24.7,44.75,65.55,96,7,1.79
376,Mogadishu,SO,2022-10-04 22:14:33,2.0371,45.3438,77.0,89,51,13.67
377,Karanja,IN,2022-10-04 22:14:34,20.4833,77.4833,74.19,75,92,5.17
378,Mitsamiouli,KM,2022-10-04 22:14:35,-11.3847,43.2844,75.34,79,17,4.38
379,Cayenne,GF,2022-10-04 22:10:01,4.9333,-52.3333,82.44,74,0,5.75
380,Sechura,PE,2022-10-04 22:14:36,-5.5569,-80.8222,71.08,61,89,19.53
381,Jacareacanga,BR,2022-10-04 22:14:36,-6.2222,-57.7528,78.15,77,82,2.01
382,Ambilobe,MG,2022-10-04 22:14:37,-13.2,49.05,66.88,83,21,4.05
383,La Palma,US,2022-10-04 22:14:38,33.8464,-118.0467,95.67,65,20,8.05
384,Samsun,TR,2022-10-04 22:14:38,41.25,36.3333,61.56,99,75,24.16
385,Quime,BO,2022-10-04 22:14:39,-16.9833,-67.2167,57.06,73,56,8.61
386,Kurchum,KZ,2022-10-04 22:14:40,48.5722,83.6542,41.88,34,0,3.98
387,Sergiyevsk,RU,2022-10-04 22:14:41,53.9413,51.165,52.03,29,100,10.74
388,Sur,OM,2022-10-04 22:14:42,22.5667,59.5289,78.71,71,7,7.85
389,Tornio,FI,2022-10-04 22:14:43,65.8481,24.1466,39.22,88,99,11.05
390,Husavik,IS,2022-10-04 22:14:44,66.0449,-17.3389,41.83,96,100,16.8
391,Eyl,SO,2022-10-04 22:14:44,7.9803,49.8164,77.63,80,94,15.39
392,Harper,LR,2022-10-04 22:14:45,4.375,-7.7169,76.37,92,75,7.09
393,Rajapur,IN,2022-10-04 22:14:45,25.3833,81.15,76.64,94,100,9.55
394,Pitkyaranta,RU,2022-10-04 22:14:45,61.5734,31.4792,45.55,95,77,6.13
395,Uarini,BR,2022-10-04 22:14:46,-2.99,-65.1083,82.15,72,98,2.75
396,Rio Grande,BR,2022-10-04 22:13:50,-32.035,-52.0986,57.31,87,1,8.77
397,Linhares,BR,2022-10-04 22:14:44,-19.3911,-40.0722,73.72,81,100,7.36
398,Dwarka,IN,2022-10-04 22:14:47,22.2394,68.9678,81.0,72,29,9.17
399,Nizhnevartovsk,RU,2022-10-04 22:14:48,60.9344,76.5531,39.22,100,100,4.47
400,Nikolskoye,RU,2022-10-04 22:14:48,59.7035,30.7861,43.81,96,72,1.19
401,Plouzane,FR,2022-10-04 22:14:49,48.3833,-4.6167,61.12,94,100,14.97
402,Inongo,CD,2022-10-04 22:14:49,-1.95,18.2667,72.91,86,73,2.21
403,Murdochville,CA,2022-10-04 22:14:49,48.9583,-65.5006,50.88,73,99,4.74
404,Abengourou,CI,2022-10-04 22:14:50,6.7297,-3.4964,72.09,99,77,2.44
405,Megion,RU,2022-10-04 22:14:51,61.0296,76.1136,39.22,89,100,9.48
406,Carmo Do Paranaiba,BR,2022-10-04 22:14:53,-19.0008,-46.3161,63.75,91,74,1.61
407,Gravdal,NO,2022-10-04 22:14:53,68.1214,13.5031,53.49,62,40,21.85
408,Umea,SE,2022-10-04 22:14:54,63.8284,20.2597,46.9,93,20,6.91
409,Kribi,CM,2022-10-04 22:14:55,2.95,9.9167,76.23,87,92,4.79
410,Chincha Alta,PE,2022-10-04 22:14:55,-13.4099,-76.1323,61.39,72,15,6.93
411,Turukhansk,RU,2022-10-04 22:14:56,65.8167,87.9833,32.32,99,100,6.93
412,Otukpo,NG,2022-10-04 22:14:56,7.1913,8.1329,73.87,92,74,3.24
413,Lock Haven,US,2022-10-04 22:10:51,41.137,-77.4469,50.13,98,100,6.69
414,El Alto,PE,2022-10-04 22:14:57,-4.2714,-81.2147,65.86,74,58,25.41
415,Villa San Giovanni,IT,2022-10-04 22:15:57,38.2276,15.6386,68.04,72,0,5.75
416,Abaza,RU,2022-10-04 22:15:58,52.655,90.0928,28.44,81,8,4.85
417,Riyadh,SA,2022-10-04 22:14:40,24.6877,46.7219,78.94,20,0,4.59
418,Waw,SS,2022-10-04 22:15:59,7.7029,27.9953,69.87,89,78,2.28
419,Zaria,NG,2022-10-04 22:16:00,11.1113,7.7227,72.66,80,76,6.67
420,Ardino,BG,2022-10-04 22:16:01,41.5833,25.1333,53.74,67,56,3.96
421,Ngaoundere,CM,2022-10-04 22:16:01,7.3167,13.5833,64.09,94,97,0.78
422,Derzhavinsk,KZ,2022-10-04 22:16:02,51.1,66.3167,40.53,36,1,5.7
423,Jetpur,IN,2022-10-04 22:16:03,21.7333,70.6167,76.86,82,29,6.67
424,Uromi,NG,2022-10-04 22:16:04,6.7,6.3333,70.36,97,86,4.41
425,Aktash,RU,2022-10-04 22:16:04,50.3,87.7333,19.06,54,5,3.42
426,San Ramon,US,2022-10-04 22:11:41,37.7799,-121.978,84.81,53,0,11.5
427,Bengkulu,ID,2022-10-04 22:16:05,-3.8004,102.2655,75.15,91,100,4.83
428,Ochamchira,GE,2022-10-04 22:16:06,42.7121,41.4721,65.75,93,100,4.18
429,Skjervoy,NO,2022-10-04 22:16:06,70.0311,20.9714,46.4,77,5,18.54
430,Thompson,CA,2022-10-04 22:16:07,55.7435,-97.8558,57.36,44,40,5.75
431,Rio Negro,BR,2022-10-04 22:16:08,-26.1058,-49.7975,56.55,99,32,3.89
432,Puerto Del Rosario,ES,2022-10-04 22:12:05,28.5004,-13.8627,74.95,69,20,12.66
433,Olinda,BR,2022-10-04 22:13:10,-8.0089,-34.8553,78.53,69,40,9.22
434,Caravelas,BR,2022-10-04 22:16:09,-17.7125,-39.2481,75.87,74,61,13.2
435,Gander,CA,2022-10-04 22:16:10,48.9682,-54.5906,55.53,58,0,16.11
436,Komsomolets,KZ,2022-10-04 22:16:11,53.7453,62.0708,41.74,34,27,7.54
437,Luba,GQ,2022-10-04 22:16:12,3.4568,8.5547,77.81,85,94,3.85
438,Den Helder,NL,2022-10-04 22:16:13,52.9599,4.7593,60.98,89,100,21.0
439,Aliwal North,ZA,2022-10-04 22:16:13,-30.6937,26.7114,61.93,21,4,1.03
440,Quatre Cocos,MU,2022-10-04 22:16:15,-20.2078,57.7625,70.09,80,49,11.86
441,Micomeseng,GQ,2022-10-04 22:16:15,2.1462,10.6164,67.48,100,94,1.66
442,Riviere-Au-Renard,CA,2022-10-04 22:16:16,48.9957,-64.3971,52.09,72,100,3.29
443,Tagab,AF,2022-10-04 22:16:17,34.855,69.6492,65.03,21,0,6.38
444,Beloha,MG,2022-10-04 22:16:17,-25.1667,45.05,66.16,96,1,1.61
445,Miranda,CO,2022-10-04 22:16:18,3.2499,-76.2281,73.53,80,89,3.4
446,Ormara,PK,2022-10-04 22:16:18,25.2088,64.6357,78.85,85,5,9.15
447,Concarneau,FR,2022-10-04 22:16:19,47.875,-3.9225,61.59,88,99,10.6
448,Mantua,IT,2022-10-04 22:16:20,45.1667,10.7833,64.35,86,8,1.99
449,Pueblo Nuevo,MX,2022-10-04 22:16:20,23.3833,-105.3833,64.56,72,53,5.21
450,Soyo,AO,2022-10-04 22:16:21,-6.1349,12.3689,75.67,86,25,6.64
451,Pelym,RU,2022-10-04 22:16:21,61.0108,61.9978,45.18,86,20,2.71
452,Tire,TR,2022-10-04 22:16:22,38.0888,27.7351,55.33,71,0,8.08
453,Parfenyevo,RU,2022-10-04 22:16:23,58.484,43.4088,46.87,91,84,9.22
454,San Joaquin,US,2022-10-04 22:16:24,37.9333,-121.3011,86.13,39,0,8.05
455,Mugma,IN,2022-10-04 22:16:24,23.7667,86.7333,74.82,98,100,5.1
456,Vytegra,RU,2022-10-04 22:16:25,61.0064,36.4481,50.5,91,100,8.19
457,Marienburg,PL,2022-10-04 22:16:25,54.0359,19.0266,53.04,87,65,7.58
458,Saqqez,IR,2022-10-04 22:16:26,36.2499,46.2735,59.11,27,0,3.98
459,Nassau,US,2022-10-04 22:15:10,40.7507,-73.5829,57.69,88,100,19.57
460,Rawah,IQ,2022-10-04 22:17:27,34.4816,41.9093,81.27,19,0,9.66
461,Cochabamba,BO,2022-10-04 22:17:28,-17.3895,-66.1568,78.55,15,20,13.8
462,Bari,IT,2022-10-04 22:17:29,41.1177,16.8512,66.87,63,0,11.01
463,Kindu,CD,2022-10-04 22:17:29,-2.95,25.95,69.55,96,99,2.19
464,Kattivakkam,IN,2022-10-04 22:13:05,13.2167,80.3167,86.09,73,100,6.76
465,Pozo Colorado,PY,2022-10-04 22:17:30,-23.4923,-58.7972,80.71,39,52,5.39
466,Kohlu,PK,2022-10-04 22:17:31,29.8962,69.252,72.43,36,0,5.53
467,Muhos,FI,2022-10-04 22:17:31,64.808,25.9931,33.58,89,100,3.58
468,Payyannur,IN,2022-10-04 22:17:32,12.1,75.2,76.87,92,78,7.94
469,Cefalu,IT,2022-10-04 22:17:33,38.0386,14.0229,72.54,72,3,5.99
470,Alakurtti,RU,2022-10-04 22:17:33,66.9672,30.3491,38.55,97,100,2.01
471,Ouadda,CF,2022-10-04 22:17:34,8.0777,22.4007,68.02,98,99,2.35
472,Diffa,NE,2022-10-04 22:13:20,13.3154,12.6113,87.12,46,80,11.79
473,Valparaiso,CL,2022-10-04 22:12:41,-33.0393,-71.6273,57.43,82,0,9.22
474,Toribio,CO,2022-10-04 22:17:35,2.9548,-76.2684,67.41,89,100,2.13
475,Hofn,IS,2022-10-04 22:17:35,64.2539,-15.2082,46.24,87,100,7.67
476,Myrtle Beach,US,2022-10-04 22:13:24,33.6891,-78.8867,72.18,54,0,8.05
477,Belmonte,BR,2022-10-04 22:17:36,-15.8631,-38.8828,74.61,80,5,10.67
478,Elverum,NO,2022-10-04 22:17:36,60.8819,11.5623,52.59,97,100,9.82
479,Marabba,SD,2022-10-04 22:17:37,12.35,32.1833,79.57,62,53,7.58
480,Sigayevo,RU,2022-10-04 22:17:37,56.4216,53.7757,47.34,43,100,8.12
481,San Carlos De Bariloche,AR,2022-10-04 22:17:38,-41.1456,-71.3082,48.02,66,40,16.11
482,Gayeri,BF,2022-10-04 22:17:38,12.6497,0.4931,83.26,66,57,8.05
483,Shihezi,CN,2022-10-04 22:17:39,44.3,86.0333,48.49,31,100,0.25
484,Bonavista,CA,2022-10-04 22:17:39,48.6499,-53.1147,54.88,68,2,18.1
485,Lagoa,PT,2022-10-04 22:17:40,39.05,-27.9833,70.7,85,100,14.23
486,Yugorsk,RU,2022-10-04 22:16:20,61.3133,63.3319,46.09,93,69,2.28
487,Tessalit,ML,2022-10-04 22:17:40,20.1986,1.0114,89.96,15,0,9.17
488,Mbuji-Mayi,CD,2022-10-04 22:17:41,-6.15,23.6,74.26,69,62,0.56
489,Kudahuvadhoo,MV,2022-10-04 22:17:42,2.6708,72.8944,81.61,76,100,17.94
490,Kelamangalam,IN,2022-10-04 22:17:42,12.6,77.85,69.84,79,100,6.13
491,Segou,ML,2022-10-04 22:17:43,13.4317,-6.2157,84.2,57,0,8.3
492,Saint-Pierre,RE,2022-10-04 22:17:43,-21.3393,55.4781,67.68,77,0,5.75
493,Dennery,LC,2022-10-04 22:17:44,13.8996,-60.8879,82.53,78,75,19.57
494,Inzer,RU,2022-10-04 22:17:45,54.2167,57.5556,40.51,55,90,3.71
495,Sidi Ali,DZ,2022-10-04 22:17:45,36.0998,0.4206,69.84,61,53,6.15
496,Penzance,GB,2022-10-04 22:17:46,50.1186,-5.5371,61.48,94,100,25.97
497,Otjiwarongo,NA,2022-10-04 22:17:46,-20.4637,16.6477,70.75,17,14,8.39
498,Conde,BR,2022-10-04 22:17:47,-7.2597,-34.9075,76.46,83,0,8.05
499,Kuhdasht,IR,2022-10-04 22:17:48,33.535,47.6061,68.38,19,0,6.76
500,Burgeo,CA,2022-10-04 22:17:48,47.6167,-57.6152,49.82,79,0,11.16
501,Dekar,BW,2022-10-04 22:17:49,-21.5333,21.9333,77.52,14,0,6.38
502,Osmanabad,IN,2022-10-04 22:17:49,18.1667,76.05,73.13,75,100,9.44
503,Sorland,NO,2022-10-04 22:15:29,67.667,12.6934,49.86,81,100,12.08
504,Hetauda,NP,2022-10-04 22:17:50,27.4284,85.0322,76.35,95,100,3.31
505,Kyshtovka,RU,2022-10-04 22:17:50,56.555,76.6271,42.19,97,100,7.36
506,Vestmanna,FO,2022-10-04 22:18:51,62.1564,-7.1664,47.32,76,75,23.02
507,Arroyo,ES,2022-10-04 22:18:52,41.6096,-4.7969,68.04,45,40,5.75
508,Alta Floresta,BR,2022-10-04 22:18:53,-9.8756,-56.0861,76.86,73,89,5.59
509,Abu Kamal,SY,2022-10-04 22:18:53,34.4506,40.9171,82.38,17,0,11.74
510,Liwale,TZ,2022-10-04 22:18:54,-9.7667,37.9333,65.89,77,24,3.47
511,Shache,CN,2022-10-04 22:18:55,38.4167,77.2406,51.71,30,24,4.76
512,Iquique,CL,2022-10-04 22:13:59,-20.2208,-70.1431,59.04,71,3,3.58
513,Kjopsvik,NO,2022-10-04 22:18:55,68.097,16.3742,49.87,84,100,9.91
514,Nkhata Bay,MW,2022-10-04 22:18:56,-11.6066,34.2907,72.95,49,8,4.61
515,Sikar,IN,2022-10-04 22:16:07,27.6167,75.15,76.35,55,34,5.95
516,Salinas,US,2022-10-04 22:18:57,36.6777,-121.6555,86.99,67,0,13.8
517,Jamsa,FI,2022-10-04 22:18:57,61.8642,25.19,30.92,96,1,1.61
518,Altamira,BR,2022-10-04 22:18:58,-3.2033,-52.2064,85.82,42,22,3.22
519,Falmouth,GB,2022-10-04 22:18:58,50.1544,-5.0711,63.5,94,100,17.27
520,Santa Cruz De Tenerife,ES,2022-10-04 22:18:59,28.4682,-16.2546,82.92,51,60,3.44
521,Hoshiarpur,IN,2022-10-04 22:19:00,31.5322,75.9172,72.46,66,0,3.24
522,Acarau,BR,2022-10-04 22:19:01,-2.8856,-40.12,78.39,78,69,16.42
523,Rabo De Peixe,PT,2022-10-04 22:19:01,37.8,-25.5833,73.27,86,75,10.36
524,Stornoway,GB,2022-10-04 22:19:02,58.2093,-6.3865,51.76,88,40,9.22
525,Sarakhs,IR,2022-10-04 22:19:03,36.5449,61.1577,63.93,25,0,4.54
526,Sayyan,YE,2022-10-04 22:19:03,15.1718,44.3244,60.04,27,18,2.68
527,Shirgaon,IN,2022-10-04 22:19:04,19.7,72.7,79.86,83,74,6.58
528,Porto Nacional,BR,2022-10-04 22:19:05,-10.7081,-48.4172,87.8,23,80,3.24
529,Sao Felix Do Xingu,BR,2022-10-04 22:19:06,-6.6447,-51.995,86.23,30,21,2.33
530,Kortkeros,RU,2022-10-04 22:19:06,61.8106,51.5806,48.2,90,100,7.45
531,Atar,MR,2022-10-04 22:19:07,20.5169,-13.0499,97.48,19,100,6.62
532,Las Palmas,ES,2022-10-04 22:19:07,28.4204,-14.0131,72.39,69,59,10.36
533,Chulym,RU,2022-10-04 22:19:08,55.0997,80.9572,39.72,77,100,10.78
534,Klyuchi,RU,2022-10-04 22:19:08,52.2667,79.1667,37.38,53,55,6.76
535,Svarstad,NO,2022-10-04 22:19:09,59.399,9.9698,59.7,55,100,5.01
536,Nioaque,BR,2022-10-04 22:19:10,-21.1353,-55.83,82.11,48,10,3.76
537,Lima,PE,2022-10-04 22:14:33,-12.0432,-77.0282,65.89,73,100,14.97
538,Taltal,CL,2022-10-04 22:19:11,-25.4,-70.4833,57.47,76,21,5.41
539,Stromness,GB,2022-10-04 22:19:12,58.965,-3.296,49.96,81,62,8.99
540,Bolobo,CD,2022-10-04 22:19:12,-2.1667,16.2333,73.98,85,24,0.81
541,Slawno,PL,2022-10-04 22:19:13,54.3628,16.6789,51.85,86,56,9.82
542,Benin,BJ,2022-10-04 22:19:13,9.5,2.25,72.93,94,88,3.56
543,Sena Madureira,BR,2022-10-04 22:19:14,-9.0656,-68.6569,83.43,58,85,1.83
544,Atasu,KZ,2022-10-04 22:19:15,48.6814,71.6433,35.69,42,0,9.15
545,Savigliano,IT,2022-10-04 22:19:15,44.644,7.6559,64.4,88,100,1.14
546,Arlit,NE,2022-10-04 22:19:16,18.7369,7.3853,93.54,13,5,11.97
547,Onguday,RU,2022-10-04 22:19:16,50.75,86.15,26.92,72,2,1.48
548,North Augusta,US,2022-10-04 22:19:17,33.5018,-81.9651,76.14,43,0,9.22
549,Shahrud,IR,2022-10-04 22:19:18,36.4182,54.9763,67.12,28,0,3.47
550,Harstad,NO,2022-10-04 22:19:18,68.799,16.5293,49.39,74,99,9.42
551,Lake City,US,2022-10-04 22:16:12,30.1897,-82.6393,75.78,40,0,4.61
552,Rundu,NA,2022-10-04 22:20:19,-17.9333,19.7667,74.75,17,0,4.72
553,Loiza,PR,2022-10-04 22:20:20,18.4313,-65.8802,83.8,88,40,13.8
554,Kambove,CD,2022-10-04 22:20:21,-10.8764,26.5969,67.51,31,9,4.7
555,Wilmington,US,2022-10-04 22:17:47,34.2257,-77.9447,69.94,48,0,8.05
556,Nicoya,CR,2022-10-04 22:20:21,10.1483,-85.452,83.12,80,98,2.53
557,Kita,ML,2022-10-04 22:20:22,13.0349,-9.4895,79.95,78,59,4.21
558,Noormarkku,FI,2022-10-04 22:20:23,61.5927,21.8685,33.58,100,15,3.44
559,Matongo,TZ,2022-10-04 22:20:23,-2.3833,34.0833,71.8,61,92,5.99
560,Sao Paulo Do Potengi,BR,2022-10-04 22:20:24,-5.895,-35.7628,77.11,69,19,11.3
561,Westport,US,2022-10-04 22:20:25,41.1415,-73.3579,57.88,88,100,17.27
562,Kholm,RU,2022-10-04 22:20:26,59.2667,32.85,43.38,97,98,1.79
563,Celle,DE,2022-10-04 22:20:26,52.6226,10.0805,57.11,84,97,6.53
564,Berbera,SO,2022-10-04 22:20:28,10.4396,45.0143,88.43,63,100,1.39
565,Bisert,RU,2022-10-04 22:20:29,56.8617,59.0523,42.44,71,88,3.83
566,Lipin Bor,RU,2022-10-04 22:20:29,60.2622,37.9763,49.1,91,93,12.28
567,Sosnovka,RU,2022-10-04 22:20:30,56.255,51.2842,48.72,44,100,8.86
568,Miandrivazo,MG,2022-10-04 22:20:30,-19.5167,45.4667,75.56,68,1,4.68
569,Ofaqim,IL,2022-10-04 22:20:31,31.3141,34.6203,71.71,75,0,3.0
570,Maldonado,UY,2022-10-04 22:20:31,-34.6667,-54.9167,57.22,85,58,9.91
571,Banes,CU,2022-10-04 22:20:32,20.9625,-75.7186,81.55,77,74,5.99
572,Tukan,RU,2022-10-04 22:20:32,53.8409,57.4552,36.39,55,99,3.6
573,Hanover,DE,2022-10-04 22:20:33,52.3705,9.7332,58.37,80,0,5.75
574,Iskitim,RU,2022-10-04 22:20:33,54.6366,83.3045,39.9,73,99,7.74
575,Tukrah,LY,2022-10-04 22:20:34,32.5341,20.5791,74.34,68,7,16.28
576,Pitimbu,BR,2022-10-04 22:20:35,-7.4706,-34.8086,77.59,75,36,10.16
577,Inta,RU,2022-10-04 22:20:35,66.0317,60.1659,37.17,89,99,10.42
578,Sinnamary,GF,2022-10-04 22:20:36,5.3833,-52.95,80.08,80,54,12.03
579,Thinadhoo,MV,2022-10-04 22:20:36,0.5333,72.9333,80.92,78,100,17.81
580,Mandiana,GN,2022-10-04 22:20:37,10.6333,-8.6833,79.83,76,82,2.24
581,San Francisco,US,2022-10-04 22:18:51,37.7749,-122.4194,85.84,79,20,21.85
582,Aparecida Do Taboado,BR,2022-10-04 22:20:38,-20.0867,-51.0936,71.35,81,63,13.96
583,Zonguldak,TR,2022-10-04 22:20:39,41.25,31.8333,51.98,92,96,2.1
584,Buraydah,SA,2022-10-04 22:20:39,26.326,43.975,81.05,18,0,11.12
585,Melfi,IT,2022-10-04 22:20:40,40.9965,15.6514,55.67,61,93,3.56
586,Tiznit,MA,2022-10-04 22:20:40,29.5833,-9.5,72.77,37,9,4.85
587,Zhob,PK,2022-10-04 22:20:41,31.3411,69.4481,70.07,33,0,4.34
588,Yenagoa,NG,2022-10-04 22:20:41,4.9247,6.2642,75.4,94,51,4.23
589,Poceirao,PT,2022-10-04 22:20:42,38.831,-8.7937,74.34,45,0,5.48
590,Filingue,NE,2022-10-04 22:20:43,14.3521,3.3168,90.66,40,43,11.74
591,Iralaya,HN,2022-10-04 22:20:43,15.0,-83.2333,76.93,90,100,9.4
592,Dombarovskiy,RU,2022-10-04 22:20:44,50.7587,59.5386,41.13,35,74,8.48
